"predator_class","predator_name","num_stb_killed"
"SHAMAN","Maelstrom Portal",10205
"MAGE","Fireblast",9664
"DRUID","Malfurion Stormrage",7472
"DRUID","Swipe",6549
"WARRIOR","Garrosh Hellscream",6280
"ROGUE","Valeera Sanguinar",5557
"DRUID","Wrath",5369
"SHAMAN","Lightning Storm",4278
"WARLOCK","Mortal Coil",3324
"ROGUE","Fan of Knives",3117
"SHAMAN","Thrall",3058
"ROGUE","Backstab",2620
"WARLOCK","Demonwrath",2175
"WARRIOR","Patches the Pirate",2085
"PRIEST","Holy Nova",1753
"DRUID","Living Roots",1662
"WARLOCK","Hellfire",1514
"WARRIOR","Ravaging Ghoul",1491
"ROGUE","Patches the Pirate",1227
"MAGE","Fireblast",1204
"MAGE","Arcane Missiles",1136
"SHAMAN","Morgl the Oracle",1115
"PALADIN","Consecration",1026
"MAGE","Volcanic Potion",899
"PRIEST","Netherspite Historian",852
"PRIEST","Twilight Whelp",828
"PRIEST","Dragonfire Potion",822
"PRIEST","Wyrmrest Agent",821
"PRIEST","Northshire Cleric",820
"MAGE","Blizzard",773
"SHAMAN","Tunnel Trogg",758
"SHAMAN","Totem Golem",758
"SHAMAN","Lightning Bolt",754
"ROGUE","SI:7 Agent",709
"PALADIN","Wild Pyromancer",688
"WARRIOR","Fireblast",679
"MAGE","Flamestrike",632
"WARLOCK","Shadowflame",613
"PRIEST","Blackwing Corruptor",612
"WARRIOR","Magni Bronzebeard",603
"SHAMAN","Spirit Wolf",603
"MAGE","Flamewaker",601
"MAGE","Fireblast",567
"WARLOCK","Abyssal Enforcer",560
"WARRIOR","Revenge",543
"DRUID","Moonfire",531
"DRUID","Sapling",517
"PRIEST","Twilight Guardian",513
"WARLOCK","Imp Gang Boss",497
"WARRIOR","Sir Finley Mrrgglton",472
"MAGE","Arcane Blast",458
"WARLOCK","Voidwalker",454
"ROGUE","Shiv",450
"DRUID","Jade Golem",441
"SHAMAN","Jade Golem",440
"DRUID","Jade Spirit",427
"DRUID","Jade Behemoth",426
"PRIEST","Patches the Pirate",414
"PRIEST","Excavated Evil",398
"DRUID","Jade Golem",391
"WARLOCK","Knife Juggler",379
"ROGUE","Jade Shuriken",365
"PALADIN","Bluegill Warrior",362
"WARRIOR","Southsea Deckhand",358
"WARLOCK","Malchezaar's Imp",357
"PRIEST","Kabal Talonpriest",349
"WARRIOR","N'Zoth's First Mate",341
"SHAMAN","Patches the Pirate",321
"SHAMAN","Searing Totem",320
"SHAMAN","Jade Golem",312
"WARLOCK","Dark Peddler",311
"WARLOCK","Possessed Villager",292
"WARRIOR","Kor'kron Elite",286
"WARRIOR","Bloodsail Raider",286
"WARLOCK","Felbloom",283
"SHAMAN","Jinyu Waterspeaker",281
"SHAMAN","Jade Spirit",279
"DRUID","Ancient of War",266
"WARLOCK","Dirty Rat",259
"SHAMAN","Elemental Destruction",258
"WARRIOR","Frothing Berserker",257
"WARRIOR","Dread Corsair",257
"WARLOCK","Second-Rate Bruiser",250
"WARLOCK","Imp",249
"PRIEST","Holy Smite",247
"DRUID","Jade Golem",247
"SHAMAN","Jade Lightning",242
"WARRIOR","Bloodsail Cultist",242
"WARLOCK","Soulfire",237
"SHAMAN","Thing from Below",235
"WARRIOR","Slam",217
"DRUID","Azure Drake",216
"HUNTER","Explosive Trap",216
"WARLOCK","Patches the Pirate",215
"HUNTER","Hound",214
"PRIEST","Drakonid Operative",211
"WARRIOR","Blackwing Corruptor",199
"MAGE","Arcane Explosion",192
"ROGUE","Eviscerate",191
"ROGUE","Swashburglar",187
"PALADIN","Silver Hand Recruit",186
"WARRIOR","Alexstrasza's Champion",183
"MAGE","Mana Wyrm",180
"WARRIOR","Blood To Ichor",175
"ROGUE","Dark Iron Skulker",174
"WARLOCK","Acidic Swamp Ooze",173
"PRIEST","Wild Pyromancer",172
"WARLOCK","Felbloom",169
"SHAMAN","Jade Golem",165
"WARLOCK","Mistress of Mixtures",165
"WARLOCK","Flame Imp",164
"PALADIN","Uther Lightbringer",162
"ROGUE","Jade Swarmer",157
"HUNTER","Quick Shot",147
"WARLOCK","Shadowbeast",147
"WARRIOR","Whirlwind",146
"DRUID","Fandral Staghelm",143
"SHAMAN","Azure Drake",143
"WARRIOR","Bash",140
"PRIEST","Blackwing Technician",137
"MAGE","Felbloom",136
"WARLOCK","Refreshment Vendor",135
"PRIEST","Brann Bronzebeard",134
"WARRIOR","Southsea Captain",132
"WARLOCK","Shadow Bolt",132
"WARLOCK","Twilight Drake",132
"WARLOCK","Darkshire Councilman",132
"WARRIOR","Cruel Taskmaster",131
"SHAMAN","Lava Shock",131
"PALADIN","Acolyte of Pain",128
"WARLOCK","Kazakus",125
"DRUID","Druid of the Claw",123
"HUNTER","Dispatch Kodo",123
"WARRIOR","Twilight Guardian",119
"MAGE","Forbidden Flame",119
"SHAMAN","Healing Totem",118
"DRUID","Disciple of C'Thun",117
"WARLOCK","Earthen Ring Farseer",112
"WARLOCK","Reno Jackson",111
"DRUID","Jade Golem",106
"WARLOCK","Brann Bronzebeard",104
"HUNTER","Kindly Grandmother",100
"ROGUE","Argent Horserider",98
"WARLOCK","Defender of Argus",97
"SHAMAN","Brann Bronzebeard",95
"DRUID","Starfall",95
"WARLOCK","Felfire Potion",94
"SHAMAN","Bloodmage Thalnos",93
"WARLOCK","Flame Juggler",91
"WARRIOR","Fierce Monkey",89
"WARLOCK","Argent Squire",89
"SHAMAN","Sir Finley Mrrgglton",88
"PALADIN","Argent Horserider",88
"PRIEST","Felbloom",85
"ROGUE","Azure Drake",84
"HUNTER","Rexxar",84
"MAGE","Acolyte of Pain",84
"PRIEST","Acidic Swamp Ooze",84
"PALADIN","Aldor Peacekeeper",84
"WARRIOR","Argent Horserider",83
"MAGE","Twilight Flamecaller",81
"WARLOCK","Doomguard",80
"ROGUE","Southsea Deckhand",80
"SHAMAN","Flamewreathed Faceless",79
"MAGE","Babbling Book",79
"ROGUE","Argent Squire",78
"DRUID","Brann Bronzebeard",78
"WARLOCK","Demonfire",77
"WARRIOR","Naga Corsair",76
"PRIEST","Azure Drake",76
"SHAMAN","Argent Squire",76
"SHAMAN","Wrath of Air Totem",75
"ROGUE","Jade Golem",75
"WARRIOR","Bluegill Warrior",74
"WARRIOR","Small-Time Buccaneer",72
"PRIEST","Book Wyrm",71
"HUNTER","Powershot",71
"ROGUE","Tomb Pillager",71
"SHAMAN","Deathwing",70
"MAGE","Cone of Cold",70
"SHAMAN","Jade Golem",70
"SHAMAN","Fireblast",70
"SHAMAN","Jade Chieftain",68
"PALADIN","Wickerflame Burnbristle",67
"WARLOCK","Dire Wolf Alpha",67
"WARLOCK","Silverware Golem",67
"WARLOCK","Sunfury Protector",67
"ROGUE","Bluegill Warrior",66
"SHAMAN","Earth Shock",66
"WARRIOR","Shield Slam",65
"WARLOCK","Elven Archer",65
"MAGE","Bloodmage Thalnos",64
"PRIEST","Circle of Healing",64
"WARLOCK","Icky Tentacle",64
"WARRIOR","Disciple of C'Thun",64
"DRUID","Jade Golem",62
"HUNTER","Fiery Bat",62
"MAGE","Water Elemental",61
"DRUID","Whelp",60
"DRUID","C'Thun",60
"MAGE","Dirty Rat",60
"WARRIOR","Dirty Rat",59
"DRUID","Deathwing",59
"PALADIN","Finja, the Flying Star",58
"DRUID","Aya Blackpaw",58
"SHAMAN","Aya Blackpaw",58
"PALADIN","Lady Liadrin",57
"PRIEST","Defender of Argus",57
"MAGE","Medivh's Valet",56
"PRIEST","Twilight Drake",56
"HUNTER","Snipe",55
"ROGUE","Finja, the Flying Star",55
"PALADIN","Murloc Warleader",54
"WARLOCK","Emperor Thaurissan",54
"PRIEST","Priest of the Feast",53
"ROGUE","Undercity Huckster",53
"WARRIOR","Alley Armorsmith",53
"SHAMAN","Bluegill Warrior",52
"DRUID","Gadgetzan Auctioneer",51
"ROGUE","Edwin VanCleef",51
"WARLOCK","Abusive Sergeant",50
"PRIEST","Chillmaw",50
"HUNTER","Alleycat",50
"PALADIN","Flame Juggler",49
"ROGUE","Shaku, the Collector",49
"PRIEST","Anduin Wrynn",49
"HUNTER","Big Bad Wolf",49
"PRIEST","Backstab",49
"WARLOCK","Faceless Shambler",47
"WARLOCK","Argent Horserider",47
"ROGUE","Bloodmage Thalnos",46
"SHAMAN","Whelp",45
"WARRIOR","Netherspite Historian",45
"WARRIOR","Acidic Swamp Ooze",44
"DRUID","Dark Arakkoa",44
"WARLOCK","Mountain Giant",44
"PRIEST","Mind Spike",43
"HUNTER","Cloaked Huntress",43
"MAGE","Azure Drake",43
"PRIEST","Fan of Knives",43
"PALADIN","Patches the Pirate",42
"MAGE","Sorcerer's Apprentice",42
"PALADIN","Argent Squire",41
"ROGUE","Revenge",41
"WARLOCK","Mind Control Tech",41
"WARLOCK","Kabal Courier",41
"MAGE","Frostbolt",41
"SHAMAN","Argent Horserider",41
"WARLOCK","Bloodsail Corsair",41
"PRIEST","Felbloom",40
"PALADIN","Dirty Rat",40
"PRIEST","N'Zoth's First Mate",40
"PALADIN","Grimestreet Outfitter",39
"HUNTER","On the Hunt",39
"HUNTER","Rat Pack",39
"DRUID","Fireblast",39
"SHAMAN","Stoneclaw Totem",38
"ROGUE","Cleave",38
"WARLOCK","Bluegill Warrior",38
"PRIEST","Kazakus",38
"HUNTER","Misha",37
"WARLOCK","Disciple of C'Thun",37
"ROGUE","Unearthed Raptor",37
"PRIEST","Museum Curator",37
"DRUID","Sir Finley Mrrgglton",35
"WARLOCK","Heart of Fire",35
"HUNTER","Rat",35
"WARLOCK","Felbloom",35
"SHAMAN","Small-Time Buccaneer",35
"PRIEST","Kabal Courier",35
"WARRIOR","Azure Drake",35
"WARRIOR","Finja, the Flying Star",35
"PRIEST","Whelp",34
"PRIEST","Dirty Rat",34
"MAGE","Kazakus",34
"PALADIN","Ivory Knight",33
"PRIEST","Deathwing",33
"WARRIOR","Faerie Dragon",33
"HUNTER","Leokk",33
"DRUID","Enchanted Raven",33
"WARLOCK","Darkshire Librarian",33
"WARRIOR","Bloodhoof Brave",33
"PRIEST","Southsea Deckhand",33
"DRUID","Jade Golem",33
"DRUID","Mire Keeper",33
"PALADIN","Tirion Fordring",33
"MAGE","Forgotten Torch",32
"HUNTER","Tabbycat",32
"SHAMAN","Jade Golem",32
"MAGE","Reno Jackson",32
"PALADIN","Second-Rate Bruiser",32
"SHAMAN","White Eyes",31
"WARRIOR","Whelp",31
"MAGE","Felbloom",31
"SHAMAN","Southsea Deckhand",31
"PRIEST","Maelstrom Portal",31
"WARLOCK","Bane of Doom",31
"WARRIOR","Acolyte of Pain",30
"PALADIN","Barnes",30
"WARLOCK","Deathwing",29
"ROGUE","Whirlwind",29
"PALADIN","Acidic Swamp Ooze",28
"DRUID","Patches the Pirate",28
"PALADIN","Fireblast",28
"HUNTER","Bluegill Warrior",28
"DRUID","Bloodmage Thalnos",28
"MAGE","Mistress of Mixtures",28
"PALADIN","Netherspite Historian",27
"WARRIOR","Blackwing Technician",27
"HUNTER","Arcane Shot",27
"WARRIOR","The Curator",27
"WARLOCK","Lord Jaraxxus",27
"ROGUE","Cruel Taskmaster",26
"ROGUE","Jade Golem",26
"WARRIOR","Mortal Strike",26
"MAGE","Kabal Courier",26
"HUNTER","Huge Toad",26
"SHAMAN","Fire Elemental",26
"MAGE","Emperor Thaurissan",25
"PRIEST","Second-Rate Bruiser",25
"PRIEST","Kabal Songstealer",25
"WARRIOR","Drakonid Crusher",25
"PALADIN","Sir Finley Mrrgglton",25
"MAGE","Novice Engineer",25
"PALADIN","Meanstreet Marshal",25
"WARLOCK","Spellbreaker",25
"ROGUE","Questing Adventurer",24
"ROGUE","Inner Rage",24
"PALADIN","Mistress of Mixtures",24
"PALADIN","Sen'jin Shieldmasta",24
"HUNTER","Huffer",24
"PALADIN","Blackwing Corruptor",24
"PRIEST","Raza the Chained",24
"WARLOCK","Whelp",24
"WARLOCK","Drain Life",23
"DRUID","Emperor Thaurissan",23
"SHAMAN","Flametongue Totem",23
"WARLOCK","Dread Infernal",22
"WARLOCK","Sylvanas Windrunner",22
"SHAMAN","Jade Golem",22
"HUNTER","Kill Command",22
"ROGUE","Shadow Strike",22
"SHAMAN","Acidic Swamp Ooze",22
"PRIEST","Acolyte of Pain",22
"DRUID","Wild Pyromancer",22
"HUNTER","Houndmaster",22
"WARRIOR","Inner Rage",22
"WARRIOR","Murloc Warleader",22
"HUNTER","Secretkeeper",22
"SHAMAN","Blowgill Sniper",21
"MAGE","Acidic Swamp Ooze",21
"ROGUE","Jade Spirit",21
"WARRIOR","Ragnaros the Firelord",21
"ROGUE","Murloc Warleader",21
"SHAMAN","Murloc Razorgill",21
"MAGE","Deathwing",20
"WARRIOR","Grommash Hellscream",20
"WARRIOR","Elise Starseeker",20
"ROGUE","Gadgetzan Auctioneer",20
"WARLOCK","Succubus",20
"HUNTER","Savannah Highmane",20
"HUNTER","Shaky Zipgunner",20
"WARLOCK","Ragnaros the Firelord",20
"WARRIOR","Slime",20
"PRIEST","Ancient Watcher",20
"DRUID","Dragon Egg",20
"MAGE","Loot Hoarder",19
"PRIEST","Reno Jackson",19
"PRIEST","Lightning Storm",19
"HUNTER","Trogg Beastrager",19
"HUNTER","Tundra Rhino",19
"ROGUE","Maelstrom Portal",19
"HUNTER","Knife Juggler",19
"ROGUE","Barnes",19
"DRUID","Argent Squire",19
"PRIEST","Small-Time Buccaneer",19
"PALADIN","Avenging Wrath",18
"SHAMAN","Earth Elemental",18
"WARRIOR","Armorsmith",18
"MAGE","Whelp",18
"ROGUE","Small-Time Buccaneer",18
"DRUID","Sabertooth Panther",18
"PRIEST","Ysera Awakens",18
"PRIEST","Ragnaros the Firelord",18
"DRUID","Violet Teacher",18
"WARLOCK","Stonetusk Boar",18
"MAGE","Archmage Antonidas",18
"PRIEST","Mind Control Tech",18
"MAGE","Brann Bronzebeard",17
"SHAMAN","Ravaging Ghoul",17
"PRIEST","Lesser Heal",17
"PALADIN","Grimestreet Enforcer",17
"ROGUE","Mistress of Mixtures",17
"HUNTER","King's Elekk",17
"SHAMAN","Flame Juggler",17
"SHAMAN","Mana Tide Totem",17
"PRIEST","Faerie Dragon",17
"SHAMAN","Barnes",17
"HUNTER","Snake",16
"PRIEST","Sir Finley Mrrgglton",16
"PALADIN","Twilight Guardian",16
"HUNTER","Patches the Pirate",16
"MAGE","Refreshment Vendor",16
"ROGUE","Defender of Argus",16
"ROGUE","Blood To Ichor",16
"PRIEST","Swashburglar",16
"ROGUE","Jade Golem",16
"WARLOCK","Spreading Madness",15
"MAGE","Ragnaros the Firelord",15
"WARLOCK","Backstab",15
"PRIEST","Ravaging Ghoul",15
"SHAMAN","Mistress of Mixtures",15
"PRIEST","Volcanic Potion",15
"MAGE","Second-Rate Bruiser",15
"PALADIN","Blowgill Sniper",15
"PALADIN","Ragnaros, Lightlord",15
"DRUID","Finja, the Flying Star",15
"WARRIOR","Bloodsail Corsair",15
"HUNTER","Infested Wolf",15
"SHAMAN","Tentacle of N'Zoth",15
"PRIEST","Tyrande Whisperwind",14
"ROGUE","Blade Flurry",14
"ROGUE","Perdition's Blade",14
"MAGE","Felbloom",14
"ROGUE","Elemental Destruction",14
"MAGE","Manic Soulcaster",14
"WARLOCK","Crystalweaver",14
"ROGUE","Xaril, Poisoned Mind",14
"PALADIN","Loot Hoarder",13
"DRUID","Bluegill Warrior",13
"WARLOCK","Lance Carrier",13
"SHAMAN","Murloc Tidecaller",13
"PRIEST","Shifting Shade",13
"MAGE","Kirin Tor Mage",13
"DRUID","Violet Apprentice",13
"ROGUE","Undercity Valiant",13
"DRUID","Runic Egg",13
"SHAMAN","Finja, the Flying Star",13
"SHAMAN","Bladed Cultist",13
"HUNTER","Ironfur Grizzly",13
"WARLOCK","Tiny Knight of Evil",12
"MAGE","Alexstrasza",12
"PALADIN","Keeper of Uldaman",12
"WARLOCK","Kabal Demon",12
"SHAMAN","Stormcrack",12
"SHAMAN","Al'Akir the Windlord",12
"DRUID","Ragnaros the Firelord",12
"MAGE","Backstab",12
"HUNTER","Hyena",12
"PRIEST","Mistress of Mixtures",12
"DRUID","Barnes",12
"PRIEST","Sunfury Protector",12
"SHAMAN","Weasel Tunneler",12
"SHAMAN","Zealous Initiate",12
"DRUID","Volcanic Potion",12
"WARRIOR","Justicar Trueheart",12
"ROGUE","Deathwing",12
"PRIEST","Jade Golem",12
"SHAMAN","Lava Burst",12
"MAGE","Small-Time Buccaneer",12
"PRIEST","Eerie Statue",12
"SHAMAN","Ragnaros the Firelord",11
"DRUID","Druid of the Claw",11
"WARLOCK","Tentacle of N'Zoth",11
"WARLOCK","Sir Finley Mrrgglton",11
"SHAMAN","Babbling Book",11
"HUNTER","Explosive Shot",11
"PRIEST","Bloodmage Thalnos",11
"ROGUE","Forked Lightning",11
"PRIEST","Argent Horserider",11
"PALADIN","Deathwing",11
"MAGE","Barnes",11
"PRIEST","SI:7 Agent",10
"SHAMAN","Enchanted Raven",10
"SHAMAN","Shadowbeast",10
"MAGE","Cult Sorcerer",10
"WARLOCK","Beckoner of Evil",10
"SHAMAN","Meanstreet Marshal",10
"PRIEST","Faceless Shambler",10
"DRUID","Excavated Evil",10
"WARRIOR","Cleave",10
"DRUID","Sabertooth Lion",10
"PRIEST","Injured Blademaster",10
"WARLOCK","Finja, the Flying Star",10
"SHAMAN","Fiery Bat",10
"ROGUE","Ravaging Ghoul",10
"DRUID","Malygos",10
"PRIEST","Bluegill Warrior",10
"PALADIN","Faerie Dragon",10
"PALADIN","Hammer of Wrath",10
"HUNTER","Argent Squire",10
"WARLOCK","Fireblast",10
"PALADIN","Knife Juggler",10
"PRIEST","Disciple of C'Thun",10
"SHAMAN","Dirty Rat",10
"PRIEST","Frothing Berserker",9
"ROGUE","The Curator",9
"HUNTER","Alleria Windrunner",9
"SHAMAN","Murloc Tinyfin",9
"PRIEST","Tentacle of N'Zoth",9
"SHAMAN","Abusive Sergeant",9
"WARLOCK","Sea Giant",9
"DRUID","Druid of the Claw",9
"SHAMAN","Backstab",9
"DRUID","Defender of Argus",9
"SHAMAN","Frost Shock",9
"HUNTER","Spider",9
"SHAMAN","Forbidden Ancient",9
"DRUID","Treant",9
"HUNTER","Wild Pyromancer",9
"MAGE","Mortal Coil",9
"MAGE","Ethereal Arcanist",9
"PALADIN","Doppelgangster",9
"PRIEST","Jade Golem",9
"PRIEST","Mana Geode",9
"DRUID","Whirlwind",9
"PALADIN","Vilefin Inquisitor",9
"MAGE","Ethereal Conjurer",9
"HUNTER","Dire Wolf Alpha",9
"DRUID","Acidic Swamp Ooze",9
"DRUID","Ravaging Ghoul",9
"PALADIN","Brann Bronzebeard",9
"SHAMAN","N'Zoth's First Mate",9
"MAGE","Mind Control Tech",9
"SHAMAN","Leper Gnome",8
"DRUID","Felfire Potion",8
"WARLOCK","Ravaging Ghoul",8
"SHAMAN","Murloc Warleader",8
"MAGE","Kabal Crystal Runner",8
"WARLOCK","Wrathguard",8
"ROGUE","Buccaneer",8
"SHAMAN","Disciple of C'Thun",8
"DRUID","Dragonfire Potion",8
"DRUID","Arcane Giant",8
"PALADIN","Blackwing Technician",8
"DRUID","North Sea Kraken",8
"SHAMAN","Possessed Villager",8
"WARLOCK","Kazakus Potion",8
"SHAMAN","Secretkeeper",8
"HUNTER","Ravaging Ghoul",8
"DRUID","Murloc Warleader",8
"HUNTER","Scavenging Hyena",8
"SHAMAN","Hungry Crab",8
"SHAMAN","Malchezaar's Imp",8
"WARRIOR","Pawn",8
"DRUID","Fan of Knives",8
"PRIEST","Loot Hoarder",8
"DRUID","Savagery",8
"DRUID","Coldlight Oracle",8
"WARLOCK","Heart of Fire",8
"SHAMAN","Bloodsail Corsair",8
"SHAMAN","Shifter Zerus",8
"MAGE","Fireball",8
"WARRIOR","Silver Hand Recruit",8
"WARLOCK","Sen'jin Shieldmasta",8
"SHAMAN","Gadgetzan Jouster",8
"DRUID","Slime",8
"SHAMAN","Lowly Squire",7
"PRIEST","Barnes",7
"ROGUE","Jade Golem",7
"WARLOCK","Dragonfire Potion",7
"PALADIN","Infested Tauren",7
"DRUID","Treant",7
"PRIEST","Ysera",7
"WARRIOR","Beckoner of Evil",7
"SHAMAN","Unbound Elemental",7
"DRUID","Holy Nova",7
"WARLOCK","Worgen Infiltrator",7
"HUNTER","Barnes",7
"MAGE","Firelands Portal",7
"PALADIN","The Curator",7
"DRUID","Baron Geddon",7
"ROGUE","N'Zoth's First Mate",7
"HUNTER","Carrion Grub",7
"SHAMAN","Dragon Egg",7
"SHAMAN","Vilefin Inquisitor",7
"PRIEST","Lesser Heal",7
"HUNTER","Flame Juggler",7
"DRUID","Panther",7
"MAGE","Abyssal Enforcer",7
"DRUID","Zoobot",7
"WARRIOR","C'Thun",7
"DRUID","Astral Communion",7
"PRIEST","Spirit Wolf",7
"DRUID","Mounted Raptor",7
"SHAMAN","Mana Wyrm",7
"ROGUE","Silent Knight",7
"PALADIN","Nightbane Templar",7
"HUNTER","Fireblast",7
"WARRIOR","Hobart Grapplehammer",7
"HUNTER","Acidic Swamp Ooze",7
"DRUID","Backstab",7
"WARLOCK","Murloc Warleader",7
"HUNTER","Argent Horserider",7
"PALADIN","Whelp",7
"SHAMAN","Murloc Scout",7
"PALADIN","Grimestreet Smuggler",7
"SHAMAN","Injured Kvaldir",7
"WARRIOR","Wild Pyromancer",7
"HUNTER","Sir Finley Mrrgglton",6
"SHAMAN","Reliquary Seeker",6
"MAGE","Patches the Pirate",6
"SHAMAN","Selfless Hero",6
"DRUID","Druid of the Flame",6
"PRIEST","Abomination",6
"DRUID","Bane of Doom",6
"WARLOCK","Crazed Alchemist",6
"PRIEST","Hellfire",6
"ROGUE","Firebloom Toxin",6
"MAGE","Heart of Fire",6
"MAGE","Inkmaster Solia",6
"PALADIN","Selfless Hero",6
"WARLOCK","Dark Iron Dwarf",6
"SHAMAN","Wild Pyromancer",6
"PALADIN","Harvest Golem",6
"PRIEST","Infested Tauren",6
"DRUID","Harrison Jones",6
"MAGE","Kabal Lackey",6
"PRIEST","The Curator",6
"PALADIN","Slime",6
"PRIEST","Dark Iron Skulker",6
"DRUID","Doomguard",6
"PALADIN","Grimscale Oracle",6
"MAGE","Kazakus Potion",6
"DRUID","Darkshire Librarian",6
"SHAMAN","Timber Wolf",6
"DRUID","Blizzard",6
"DRUID","Jade Golem",6
"WARLOCK","Flamestrike",6
"PRIEST","Searing Totem",6
"DRUID","Hellfire",6
"PRIEST","Fel Orc Soulfiend",6
"SHAMAN","Swashburglar",6
"DRUID","Arcane Missiles",6
"PRIEST","Tunnel Trogg",6
"SHAMAN","Worgen Infiltrator",6
"WARLOCK","Bilefin Tidehunter",6
"DRUID","Yogg-Saron, Hope's End",6
"PRIEST","Twilight Flamecaller",6
"DRUID","Darnassus Aspirant",6
"ROGUE","Whelp",6
"WARLOCK","Blood Imp",6
"DRUID","Soggoth the Slitherer",6
"ROGUE","Jungle Panther",6
"SHAMAN","Twilight Whelp",6
"MAGE","Burgly Bully",6
"HUNTER","Mistress of Mixtures",5
"ROGUE","Emperor Thaurissan",5
"WARLOCK","Blizzard",5
"WARRIOR","Deathwing",5
"PRIEST","Huge Toad",5
"SHAMAN","Corrupted Seer",5
"PRIEST","Felbloom",5
"PALADIN","Murloc Tidecaller",5
"ROGUE","Nerubian",5
"PRIEST","Dread Corsair",5
"ROGUE","Leeroy Jenkins",5
"PALADIN","Azure Drake",5
"WARLOCK","Netherspite Historian",5
"DRUID","Beckoner of Evil",5
"PALADIN","Sunfury Protector",5
"PRIEST","Darkshire Alchemist",5
"HUNTER","Cat in a Hat",5
"SHAMAN","Thunder Bluff Valiant",5
"WARLOCK","Gul'dan",5
"MAGE","Elemental Destruction",5
"DRUID","Multi-Shot",5
"PALADIN","Silver Hand Murloc",5
"PRIEST","Demonwrath",5
"DRUID","Alexstrasza",5
"MAGE","Jaina Proudmoore",5
"DRUID","Savage Combatant",5
"WARLOCK","Felguard",5
"DRUID","Ironbark Protector",5
"PALADIN","Doppelgangster",5
"HUNTER","Blowgill Sniper",5
"ROGUE","Naga Corsair",5
"SHAMAN","Knife Juggler",5
"SHAMAN","Loot Hoarder",5
"PRIEST","Elemental Destruction",5
"SHAMAN","Northshire Cleric",5
"ROGUE","Aya Blackpaw",5
"SHAMAN","Jeweled Scarab",5
"WARRIOR","Leeroy Jenkins",5
"PRIEST","Twilight Elder",5
"WARLOCK","Sergeant Sally",5
"DRUID","Treant",5
"WARRIOR","Baron Geddon",5
"WARLOCK","Twilight Elder",5
"DRUID","Twilight Elder",5
"SHAMAN","Lightwarden",5
"HUNTER","Dreadscale",5
"ROGUE","Disciple of C'Thun",5
"WARLOCK","Excavated Evil",5
"WARLOCK","Arcane Missiles",5
"DRUID","Stranglethorn Tiger",5
"DRUID","Twin Emperor Vek'lor",5
"ROGUE","Violet Apprentice",5
"HUNTER","Azure Drake",5
"SHAMAN","Grimscale Oracle",5
"WARRIOR","Grimy Gadgeteer",5
"PRIEST","Emperor Thaurissan",5
"WARRIOR","Flame Juggler",5
"PRIEST","Shaku, the Collector",4
"ROGUE","Brann Bronzebeard",4
"PALADIN","Ravaging Ghoul",4
"WARRIOR","Reckless Rocketeer",4
"WARLOCK","Elemental Destruction",4
"PALADIN","Mind Control Tech",4
"ROGUE","Lightning Storm",4
"ROGUE","Shadow Sensei",4
"MAGE","Demonwrath",4
"WARRIOR","Sylvanas Windrunner",4
"DRUID","Silver Hand Recruit",4
"ROGUE","Fireblast",4
"PALADIN","Ancient of Blossoms",4
"PALADIN","Worgen Infiltrator",4
"SHAMAN","The Curator",4
"SHAMAN","Young Dragonhawk",4
"WARLOCK","Flamewaker",4
"WARRIOR","Mad Bomber",4
"SHAMAN","Ysera Awakens",4
"MAGE","Holy Nova",4
"DRUID","Flamestrike",4
"ROGUE","Tentacle of N'Zoth",4
"DRUID","Starfire",4
"PRIEST","Garrison Commander",4
"WARLOCK","C'Thun",4
"WARLOCK","Fist of Jaraxxus",4
"ROGUE","Bladed Cultist",4
"DRUID","Master Jouster",4
"HUNTER","Ragnaros the Firelord",4
"ROGUE","Loot Hoarder",4
"DRUID","Bloodsail Corsair",4
"DRUID","Tentacle of N'Zoth",4
"HUNTER","Whelp",4
"ROGUE","Defias Ringleader",4
"WARLOCK","Kabal Trafficker",4
"PRIEST","Beckoner of Evil",4
"SHAMAN","Dragonfire Potion",4
"PALADIN","Abusive Sergeant",4
"PRIEST","C'Thun",4
"PRIEST","Forbidden Flame",4
"PALADIN","Sylvanas Windrunner",4
"WARRIOR","Searing Totem",4
"DRUID","Chillmaw",4
"PRIEST","Blizzard",4
"PALADIN","Psych-o-Tron",4
"WARRIOR","Tentacle of N'Zoth",4
"ROGUE","Tunnel Trogg",4
"PALADIN","Dragon Egg",4
"PALADIN","Twilight Geomancer",4
"WARRIOR","Book Wyrm",4
"SHAMAN","Runic Egg",4
"SHAMAN","Buccaneer",4
"ROGUE","Shadowcaster",4
"DRUID","Revenge",4
"HUNTER","Infested Tauren",4
"ROGUE","Acidic Swamp Ooze",4
"DRUID","Loot Hoarder",4
"PRIEST","Arcane Explosion",4
"PRIEST","Dragonkin Sorcerer",4
"MAGE","Coldlight Oracle",4
"DRUID","Black Whelp",4
"PRIEST","Spreading Madness",4
"ROGUE","Shield Slam",4
"ROGUE","Rumbling Elemental",4
"HUNTER","The Curator",4
"PRIEST","Lightning Bolt",4
"PALADIN","Gnomish Inventor",4
"MAGE","Mad Bomber",4
"DRUID","Demonwrath",4
"ROGUE","Grimestreet Smuggler",4
"PALADIN","Murloc Scout",4
"SHAMAN","Murloc Raider",4
"HUNTER","Southsea Deckhand",4
"PALADIN","Argent Protector",4
"ROGUE","Frost Shock",4
"DRUID","C'Thun's Chosen",4
"PALADIN","Grimestreet Informant",4
"WARLOCK","Elise Starseeker",4
"SHAMAN","Angry Chicken",4
"ROGUE","Infested Tauren",4
"PRIEST","Eviscerate",4
"PRIEST","Fierce Monkey",4
"WARLOCK","Goldshire Footman",4
"SHAMAN","Elven Archer",4
"PRIEST","Kor'kron Elite",4
"WARLOCK","Crazed Worshipper",4
"WARRIOR","Argent Squire",4
"PRIEST","Tomb Pillager",4
"PRIEST","Kazakus Potion",4
"WARLOCK","Dark Bargain",4
"PRIEST","Bane of Doom",4
"SHAMAN","Forked Lightning",4
"DRUID","Wisp",4
"DRUID","Bog Creeper",4
"PALADIN","Dread Corsair",4
"WARLOCK","Twilight Guardian",4
"WARRIOR","Infested Tauren",4
"SHAMAN","Wisp",3
"PALADIN","Dragon Consort",3
"WARLOCK","Azure Drake",3
"PALADIN","Mad Bomber",3
"PALADIN","Runic Egg",3
"WARRIOR","Grimestreet Smuggler",3
"SHAMAN","Master of Evolution",3
"PRIEST","Cabal Shadow Priest",3
"MAGE","Quick Shot",3
"PALADIN","Murloc Tidehunter",3
"WARRIOR","Sheep",3
"SHAMAN","Arcane Anomaly",3
"DRUID","Acolyte of Pain",3
"PRIEST","Auchenai Soulpriest",3
"SHAMAN","Goldshire Footman",3
"PRIEST","Cairne Bloodhoof",3
"PALADIN","Grimscale Chum",3
"PRIEST","Refreshment Vendor",3
"DRUID","Maelstrom Portal",3
"DRUID","Bash",3
"PRIEST","Wrathion",3
"ROGUE","Totem Golem",3
"ROGUE","Stranglethorn Tiger",3
"MAGE","Red Mana Wyrm",3
"ROGUE","Frothing Berserker",3
"PRIEST","Fireblast",3
"HUNTER","Loot Hoarder",3
"DRUID","Second-Rate Bruiser",3
"WARLOCK","Twin Emperor Vek'lor",3
"HUNTER","Second-Rate Bruiser",3
"WARRIOR","Chillmaw",3
"WARRIOR","Elemental Destruction",3
"WARLOCK","Twin Emperor Vek'nilash",3
"SHAMAN","Alleycat",3
"DRUID","Spreading Madness",3
"WARLOCK","Voodoo Doctor",3
"WARLOCK","Kor'kron Elite",3
"PALADIN","Elven Archer",3
"MAGE","Greater Arcane Missiles",3
"PRIEST","Faceless Destroyer",3
"WARLOCK","Infernal",3
"PALADIN","Stampeding Kodo",3
"PALADIN","Bilefin Tidehunter",3
"PRIEST","Jade Spirit",3
"WARLOCK","Murloc Tidecaller",3
"PRIEST","Chromaggus",3
"HUNTER","Injured Kvaldir",3
"WARLOCK","C'Thun's Chosen",3
"WARRIOR","Hellfire",3
"ROGUE","Spreading Madness",3
"DRUID","Sergeant Sally",3
"ROGUE","Magnataur Alpha",3
"PALADIN","Cyclopian Horror",3
"DRUID","Kun the Forgotten King",3
"WARRIOR","Grimestreet Informant",3
"MAGE","Finja, the Flying Star",3
"WARRIOR","Coldlight Oracle",3
"PRIEST","Kabal Chemist",3
"HUNTER","Bloodsail Raider",3
"DRUID","Cleave",3
"PALADIN","Twilight Drake",3
"PRIEST","Jade Shuriken",3
"SHAMAN","Acolyte of Pain",3
"SHAMAN","Jade Golem",3
"DRUID","The Curator",3
"SHAMAN","Blackwing Corruptor",3
"SHAMAN","Kabal Lackey",3
"MAGE","Bloodsail Cultist",3
"DRUID","Fist of Jaraxxus",3
"SHAMAN","The Storm Guardian",3
"WARRIOR","Sleep with the Fishes",3
"MAGE","Netherspite Historian",3
"DRUID","Cone of Cold",3
"ROGUE","Sergeant Sally",3
"PRIEST","Twilight Summoner",3
"ROGUE","Slime",3
"SHAMAN","Voidwalker",3
"PALADIN","Grimestreet Protector",3
"MAGE","Djinni of Zephyrs",3
"ROGUE","Reno Jackson",3
"PRIEST","Harrison Jones",3
"WARRIOR","Arcane Missiles",3
"MAGE","Chillmaw",3
"SHAMAN","The Black Knight",3
"WARLOCK","Friendly Bartender",3
"WARLOCK","N'Zoth's First Mate",3
"SHAMAN","Pit Snake",3
"ROGUE","Wild Pyromancer",3
"MAGE","Abomination",3
"HUNTER","Multi-Shot",3
"SHAMAN","Second-Rate Bruiser",3
"DRUID","Arcane Explosion",3
"PALADIN","Southsea Captain",3
"PRIEST","Lightspawn",3
"SHAMAN","Cellar Spider",3
"SHAMAN","Infested Tauren",3
"WARLOCK","Soggoth the Slitherer",3
"SHAMAN","Twilight Guardian",3
"WARLOCK","Murloc Tinyfin",3
"PALADIN","Small-Time Buccaneer",3
"SHAMAN","Sheep",3
"HUNTER","Timber Wolf",3
"WARLOCK","Gadgetzan Jouster",3
"SHAMAN","Stonetusk Boar",3
"SHAMAN","Shieldbearer",3
"PALADIN","Defender of Argus",3
"PALADIN","Disciple of C'Thun",3
"HUNTER","Knuckles",3
"WARLOCK","Frog",3
"SHAMAN","Beckoner of Evil",3
"PALADIN","Earthen Ring Farseer",3
"HUNTER","Grimestreet Informant",3
"WARLOCK","Volcanic Potion",3
"HUNTER","Slime",3
"PALADIN","Steward of Darkshire",3
"MAGE","Dragonfire Potion",2
"PRIEST","Whirlwind",2
"WARLOCK","Doomsayer",2
"ROGUE","Axe Flinger",2
"PRIEST","Youthful Brewmaster",2
"WARRIOR","Dragonfire Potion",2
"PRIEST","Giant Sand Worm",2
"MAGE","Gurubashi Berserker",2
"PALADIN","Undercity Valiant",2
"DRUID","Faerie Dragon",2
"PRIEST","Mortal Coil",2
"MAGE","Crazed Worshipper",2
"SHAMAN","Murloc Tidehunter",2
"SHAMAN","Sheep",2
"PRIEST","Spellbreaker",2
"HUNTER","Reno Jackson",2
"WARRIOR","Backstab",2
"HUNTER","Bloodsail Corsair",2
"PRIEST","Twilight Darkmender",2
"WARLOCK","Blackwing Corruptor",2
"WARLOCK","Dreadsteed",2
"DRUID","Succubus",2
"MAGE","Kabal Demon",2
"WARRIOR","SI:7 Agent",2
"SHAMAN","Silver Hand Recruit",2
"WARLOCK","Kazakus Potion",2
"HUNTER","Cleave",2
"WARRIOR","Golden Monkey",2
"DRUID","Slam",2
"WARLOCK","Kabal Chemist",2
"DRUID","Dart Trap",2
"PRIEST","Whelp",2
"WARLOCK","Chillmaw",2
"PRIEST","Hungry Dragon",2
"ROGUE","Murloc Razorgill",2
"HUNTER","Brann Bronzebeard",2
"WARLOCK","Twilight Flamecaller",2
"HUNTER","Stranglethorn Tiger",2
"ROGUE","Refreshment Vendor",2
"PRIEST","Confessor Paletress",2
"MAGE","Disciple of C'Thun",2
"PALADIN","Dreadscale",2
"WARLOCK","Medivh, the Guardian",2
"MAGE","Faceless Summoner",2
"WARRIOR","Slime",2
"HUNTER","Dirty Rat",2
"MAGE","Zoobot",2
"PALADIN","Murloc Knight",2
"SHAMAN","Reckless Rocketeer",2
"SHAMAN","Sergeant Sally",2
"MAGE","Heart of Fire",2
"MAGE","Swipe",2
"PRIEST","Jade Lightning",2
"ROGUE","Ysera Awakens",2
"WARRIOR","Brann Bronzebeard",2
"WARRIOR","Grimestreet Pawnbroker",2
"HUNTER","Finja, the Flying Star",2
"ROGUE","Demonwrath",2
"PALADIN","Bloodsail Raider",2
"PALADIN","Whelp",2
"SHAMAN","Sylvanas Windrunner",2
"MAGE","N'Zoth's First Mate",2
"MAGE","Twilight Drake",2
"WARLOCK","Southsea Deckhand",2
"SHAMAN","Explosive Trap",2
"SHAMAN","Slime",2
"MAGE","Dart Trap",2
"SHAMAN","Wicked Witchdoctor",2
"PRIEST","Hozen Healer",2
"HUNTER","Bloodmage Thalnos",2
"WARLOCK","Jade Shuriken",2
"ROGUE","Huge Toad",2
"ROGUE","Slam",2
"WARLOCK","Lightning Bolt",2
"PRIEST","Drakonid Crusher",2
"WARLOCK","Arcane Explosion",2
"SHAMAN","Abyssal Enforcer",2
"SHAMAN","Pantry Spider",2
"ROGUE","Southsea Captain",2
"WARLOCK","Consecration",2
"WARLOCK","Tournament Attendee",2
"WARLOCK","Faerie Dragon",2
"PALADIN","Inner Rage",2
"SHAMAN","Frog",2
"WARRIOR","C'Thun's Chosen",2
"HUNTER","Disciple of C'Thun",2
"WARLOCK","Kabal Demon",2
"PRIEST","Boneguard Lieutenant",2
"PRIEST","Wisp",2
"SHAMAN","SI:7 Agent",2
"MAGE","Kabal Demon",2
"WARRIOR","Ancient Shieldbearer",2
"DRUID","Snipe",2
"PRIEST","Heart of Fire",2
"ROGUE","C'Thun",2
"ROGUE","Shado-Pan Rider",2
"WARLOCK","Stranglethorn Tiger",2
"PRIEST","Felfire Potion",2
"ROGUE","Shadowflame",2
"DRUID","Stormpike Commando",2
"SHAMAN","Brave Archer",2
"ROGUE","Alley Armorsmith",2
"ROGUE","Lightning Jolt",2
"DRUID","Novice Engineer",2
"DRUID","Knife Juggler",2
"ROGUE","Elven Archer",2
"PALADIN","Lance Carrier",2
"WARRIOR","Hungry Dragon",2
"DRUID","Forked Lightning",2
"SHAMAN","Baron Geddon",2
"SHAMAN","Doppelgangster",2
"SHAMAN","Prince Malchezaar",2
"PRIEST","Arcane Missiles",2
"MAGE","Frostwolf Warlord",2
"ROGUE","Warsong Commander",2
"PRIEST","Flamewreathed Faceless",2
"MAGE","Knuckles",2
"DRUID","Steward",2
"PALADIN","Defender",2
"PRIEST","Edwin VanCleef",2
"PRIEST","Bash",2
"MAGE","Tentacle of N'Zoth",2
"PRIEST","Kabal Demon",2
"SHAMAN","Hellfire",2
"WARLOCK","Blackwing Technician",2
"WARLOCK","Leper Gnome",2
"PRIEST","Midnight Drake",2
"WARRIOR","Cairne Bloodhoof",2
"SHAMAN","Doppelgangster",2
"WARLOCK","Flamewreathed Faceless",2
"DRUID","Soulfire",2
"PRIEST","Totem Golem",2
"WARRIOR","Emperor Thaurissan",2
"ROGUE","Corrupted Seer",2
"WARRIOR","Excavated Evil",2
"MAGE","Gadgetzan Auctioneer",2
"ROGUE","Soulfire",2
"WARLOCK","Runic Egg",2
"MAGE","Sheep",2
"MAGE","Hallazeal the Ascended",2
"PRIEST","Nefarian",2
"PALADIN","Backstab",2
"WARLOCK","Forbidden Flame",2
"ROGUE","Felfire Potion",2
"PRIEST","Bloodsail Raider",2
"ROGUE","Grimestreet Informant",2
"WARLOCK","Bloodmage Thalnos",2
"MAGE","Baron Geddon",2
"PRIEST","Blood To Ichor",2
"SHAMAN","Kobold Geomancer",2
"WARRIOR","Public Defender",2
"PALADIN","Harrison Jones",2
"SHAMAN","Nerubian Prophet",2
"WARLOCK","Gormok the Impaler",2
"SHAMAN","Hallazeal the Ascended",2
"WARLOCK","Holy Nova",2
"WARRIOR","Harrison Jones",2
"PRIEST","Shiv",2
"WARLOCK","Barnes",2
"MAGE","Medivh, the Guardian",2
"SHAMAN","Doomguard",2
"ROGUE","Fire Elemental",2
"WARRIOR","Argent Commander",2
"SHAMAN","Ooze",2
"DRUID","Blowgill Sniper",2
"ROGUE","Skycap'n Kragg",2
"ROGUE","Kor'kron Elite",2
"ROGUE","Pawn",2
"ROGUE","Earth Shock",2
"DRUID","Sylvanas Windrunner",2
"PRIEST","Rhonin",2
"SHAMAN","Black Whelp",2
"PRIEST","Slam",2
"DRUID","Avenging Wrath",2
"MAGE","Excavated Evil",2
"ROGUE","Armorsmith",2
"PALADIN","Reno Jackson",2
"DRUID","Flame Juggler",2
"DRUID","Ironforge Rifleman",2
"WARLOCK","Dread Corsair",2
"MAGE","Mind Spike",2
"MAGE","Grim Patron",2
"PRIEST","Murloc Tinyfin",2
"ROGUE","Defias Bandit",2
"DRUID","Lotus Agents",2
"WARRIOR","Mind Spike",2
"ROGUE","Searing Totem",2
"ROGUE","Fierce Monkey",2
"SHAMAN","Mortal Coil",2
"WARLOCK","Zealous Initiate",2
"MAGE","White Eyes",2
"SHAMAN","Felfire Potion",2
"MAGE","Blackwing Corruptor",2
"MAGE","Ice Lance",2
"MAGE","Bane of Doom",2
"PRIEST","Frostbolt",2
"ROGUE","Blizzard",2
"DRUID","Dire Wolf Alpha",2
"WARLOCK","Dragon Egg",2
"SHAMAN","Demonwrath",2
"WARRIOR","Psych-o-Tron",2
"WARLOCK","Blowgill Sniper",2
"PALADIN","Abomination",2
"SHAMAN","Coldlight Oracle",2
"PALADIN","Southsea Deckhand",2
"DRUID","Argent Horserider",2
"DRUID","Elven Archer",2
"PRIEST","Grommash Hellscream",2
"ROGUE","Mind Spike",2
"PALADIN","Eadric the Pure",2
"WARLOCK","The Curator",2
"WARRIOR","Holy Nova",2
"WARRIOR","Twilight Elder",2
"SHAMAN","Chillmaw",2
"SHAMAN","Netherspite Historian",2
"PALADIN","Twisted Worgen",2
"MAGE","Roaring Torch",2
"ROGUE","Bash",2
"HUNTER","Mad Bomber",2
"MAGE","Ravaging Ghoul",2
"WARLOCK","Frost Elemental",2
"PRIEST","Cruel Taskmaster",2
"ROGUE","Dread Corsair",2
"PRIEST","Flame Juggler",2
"SHAMAN","Bilefin Tidehunter",2
"WARLOCK","Imp",2
"SHAMAN","Doppelgangster",2
"PRIEST","Hooded Acolyte",2
"PALADIN","Kooky Chemist",2
"PALADIN","Bloodmage Thalnos",2
"DRUID","Coldarra Drake",2
"DRUID","Mana Wyrm",2
"PRIEST","Bomb Squad",2
"DRUID","Daring Reporter",2
"PRIEST","Twin Emperor Vek'lor",2
"SHAMAN","Bloodsail Raider",2
"PALADIN","Blood Knight",2
"PRIEST","Finja, the Flying Star",2
"WARLOCK","Youthful Brewmaster",2
"DRUID","Sunwalker",2
"DRUID","Timepiece of Horror",2
"PRIEST","Knife Juggler",2
"SHAMAN","Mad Bomber",2
"DRUID","Explosive Trap",2
"SHAMAN","Abomination",2
"PALADIN","Doomsayer",2
"PALADIN","Wrathion",2
"DRUID","Mind Control Tech",1
"PRIEST","Kabal Demon",1
"WARLOCK","Tinkmaster Overspark",1
"MAGE","Slime",1
"PALADIN","Cruel Taskmaster",1
"WARLOCK","Stampeding Kodo",1
"PALADIN","Gadgetzan Ferryman",1
"MAGE","Ram Wrangler",1
"DRUID","Cenarius",1
"PRIEST","Cutpurse",1
"PALADIN","Questing Adventurer",1
"WARRIOR","Twin Emperor Vek'nilash",1
"DRUID","Murloc Scout",1
"ROGUE","Book Wyrm",1
"WARLOCK","Murloc Razorgill",1
"WARLOCK","Hungry Crab",1
"ROGUE","Mind Control Tech",1
"WARLOCK","Cyclopian Horror",1
"PRIEST","Crazed Alchemist",1
"SHAMAN","Cloaked Huntress",1
"MAGE","Sir Finley Mrrgglton",1
"PRIEST","Murloc Warleader",1
"DRUID","Pantry Spider",1
"DRUID","Ancient of Blossoms",1
"WARRIOR","Mind Control Tech",1
"SHAMAN","Stormwind Knight",1
"WARRIOR","Twin Emperor Vek'lor",1
"PRIEST","Imp",1
"WARRIOR","Violet Illusionist",1
"ROGUE","Murloc Tinyfin",1
"WARLOCK","Bloodsail Raider",1
"PRIEST","Sen'jin Shieldmasta",1
"DRUID","Coldlight Seer",1
"PRIEST","Void Terror",1
"ROGUE","Gnomish Inventor",1
"WARRIOR","Raging Worgen",1
"PALADIN","Sunwalker",1
"PRIEST","Arcane Anomaly",1
"WARLOCK","Infested Tauren",1
"ROGUE","Wickerflame Burnbristle",1
"MAGE","Vilefin Inquisitor",1
"DRUID","Murloc Razorgill",1
"WARRIOR","Shadow Sensei",1
"PRIEST","Holy Fire",1
"MAGE","Gnomish Inventor",1
"DRUID","Babbling Book",1
"PALADIN","Gadgetzan Jouster",1
"PRIEST","Thing from Below",1
"HUNTER","Book Wyrm",1
"PALADIN","Don Han'Cho",1
"PALADIN","Twilight Summoner",1
"PALADIN","Silent Knight",1
"PALADIN","Bog Creeper",1
"DRUID","Priestess of Elune",1
"HUNTER","Garrosh Hellscream",1
"ROGUE","Spirit Wolf",1
"PRIEST","Silverware Golem",1
"WARRIOR","Arathi Weaponsmith",1
"DRUID","Big Bad Wolf",1
"ROGUE","Sea Reaver",1
"PRIEST","Hobart Grapplehammer",1
"MAGE","Spellbender",1
"ROGUE","Northshire Cleric",1
"MAGE","Tunnel Trogg",1
"WARRIOR","Captain Greenskin",1
"ROGUE","Crazed Worshipper",1
"HUNTER","Soggoth the Slitherer",1
"SHAMAN","Justicar Trueheart",1
"MAGE","Prince Malchezaar",1
"MAGE","Doomsayer",1
"SHAMAN","Y'Shaarj, Rage Unbound",1
"ROGUE","Earthen Ring Farseer",1
"DRUID","Psych-o-Tron",1
"PRIEST","Servant of Yogg-Saron",1
"DRUID","Cellar Spider",1
"PRIEST","Lotus Assassin",1
"HUNTER","Auctionmaster Beardo",1
"HUNTER","Stonetusk Boar",1
"PALADIN","Bloodsail Corsair",1
"DRUID","Healing Totem",1
"PRIEST","Undercity Huckster",1
"ROGUE","The Mistcaller",1
"PRIEST","Slime",1
"ROGUE","Grimestreet Pawnbroker",1
"SHAMAN","Rat Pack",1
"MAGE","Booty Bay Bodyguard",1
"DRUID","Twilight Summoner",1
"SHAMAN","Menagerie Magician",1
"DRUID","Nefarian",1
"WARLOCK","Nerubian",1
"HUNTER","Scaled Nightmare",1
"WARLOCK","Grimestreet Informant",1
"SHAMAN","Coldarra Drake",1
"WARLOCK","Silent Knight",1
"PALADIN","Justicar Trueheart",1
"MAGE","Alley Armorsmith",1
"WARLOCK","Weasel Tunneler",1
"HUNTER","Corrupted Seer",1
"WARRIOR","Wisp",1
"ROGUE","Second-Rate Bruiser",1
"MAGE","Tiny Knight of Evil",1
"SHAMAN","Stampeding Kodo",1
"PALADIN","Alexstrasza's Champion",1
"ROGUE","Grommash Hellscream",1
"SHAMAN","Twin Emperor Vek'lor",1
"DRUID","Book Wyrm",1
"WARLOCK","Wily Runt",1
"SHAMAN","The Mistcaller",1
"DRUID","Ancient Harbinger",1
"SHAMAN","Pint-Sized Summoner",1
"SHAMAN","Nat Pagle",1
"MAGE","Kvaldir Raider",1
"MAGE","Rat Pack",1
"ROGUE","White Eyes",1
"SHAMAN","Young Priestess",1
"WARLOCK","Candle",1
"DRUID","Lotus Assassin",1
"PRIEST","Alexstrasza's Champion",1
"WARLOCK","Twilight Geomancer",1
"MAGE","Fearsome Doomguard",1
"SHAMAN","Midnight Drake",1
"MAGE","Frothing Berserker",1
"MAGE","Nefarian",1
"WARRIOR","Jade Golem",1
"PALADIN","Leeroy Jenkins",1
"SHAMAN","Gadgetzan Auctioneer",1
"ROGUE","Bloodhoof Brave",1
"SHAMAN","Flame Imp",1
"PRIEST","Dread Infernal",1
"WARRIOR","Silverback Patriarch",1
"SHAMAN","Voodoo Doctor",1
"DRUID","Sheep",1
"DRUID","Burgly Bully",1
"SHAMAN","Dire Wolf Alpha",1
"WARRIOR","Yogg-Saron, Hope's End",1
"WARLOCK","Unlicensed Apothecary",1
"PALADIN","Youthful Brewmaster",1
"SHAMAN","Burgly Bully",1
"DRUID","Defender",1
"PRIEST","Burgly Bully",1
"DRUID","Fiery Bat",1
"SHAMAN","Pompous Thespian",1
"DRUID","Twilight Geomancer",1
"WARLOCK","Tunnel Trogg",1
"PRIEST","Jinyu Waterspeaker",1
"SHAMAN","Elise Starseeker",1
"PRIEST","Ragnaros, Lightlord",1
"DRUID","Baine Bloodhoof",1
"WARRIOR","Harvest Golem",1
"PRIEST","Fearsome Doomguard",1
"ROGUE","Burgly Bully",1
"WARLOCK","Murloc Knight",1
"MAGE","Ooze",1
"WARLOCK","Ysera Awakens",1
"MAGE","Squire",1
"WARLOCK","Leeroy Jenkins",1
"ROGUE","Ethereal Arcanist",1
"DRUID","The Skeleton Knight",1
"SHAMAN","Malygos",1
"WARLOCK","Mana Wyrm",1
"DRUID","Emperor Cobra",1
"PRIEST","Babbling Book",1
"ROGUE","Bloodsail Cultist",1
"ROGUE","Oasis Snapjaw",1
"DRUID","Murloc Raider",1
"SHAMAN","Grimscale Chum",1
"WARLOCK","Imp Master",1
"WARRIOR","Keeper of the Grove",1
"ROGUE","Psych-o-Tron",1
"PALADIN","Huge Toad",1
"ROGUE","Big Game Hunter",1
"WARLOCK","Young Priestess",1
"PRIEST","Moroes",1
"ROGUE","Southsea Squidface",1
"DRUID","Onyxia",1
"MAGE","Dread Corsair",1
"SHAMAN","Squirming Tentacle",1
"PRIEST","Scaled Nightmare",1
"SHAMAN","Lotus Illusionist",1
"WARLOCK","White Eyes",1
"SHAMAN","Shaky Zipgunner",1
"WARLOCK","Wolfrider",1
"WARLOCK","Hound",1
"PRIEST","Tournament Attendee",1
"WARLOCK","Shaku, the Collector",1
"DRUID","Secretkeeper",1
"DRUID","Jeweled Scarab",1
"ROGUE","Lance Carrier",1
"PALADIN","Spawn of N'Zoth",1
"SHAMAN","Cult Apothecary",1
"HUNTER","Acolyte of Pain",1
"WARLOCK","Lowly Squire",1
"PRIEST","Earthen Ring Farseer",1
"HUNTER","Mastiff",1
"MAGE","Usher of Souls",1
"PRIEST","Soulfire",1
"MAGE","Cult Apothecary",1
"ROGUE","Acolyte of Pain",1
"DRUID","Elemental Destruction",1
"WARRIOR","Pompous Thespian",1
"HUNTER","Crazed Alchemist",1
"MAGE","Sylvanas Windrunner",1
"PALADIN","Silvermoon Guardian",1
"WARLOCK","Babbling Book",1
"PALADIN","Ragnaros the Firelord",1
"WARRIOR","Rat",1
"PALADIN","Sergeant Sally",1
"PALADIN","Frog",1
"SHAMAN","Fossilized Devilsaur",1
"DRUID","Youthful Brewmaster",1
"DRUID","Forbidden Ancient",1
"WARLOCK","Kabal Talonpriest",1
"DRUID","Gnomish Inventor",1
"MAGE","Twilight Guardian",1
"WARLOCK","Brave Archer",1
"SHAMAN","Defender of Argus",1
"ROGUE","Beckoner of Evil",1
"MAGE","Magnataur Alpha",1
"PRIEST","The Black Knight",1
"MAGE","Eviscerate",1
"MAGE","Lotus Agents",1
"SHAMAN","Herald Volazj",1
"PALADIN","C'Thun's Chosen",1
"PRIEST","Sergeant Sally",1
"HUNTER","Desert Camel",1
"PRIEST","Fjola Lightbane",1
"WARRIOR","Malkorok",1
"DRUID","Doppelgangster",1
"PALADIN","Kindly Grandmother",1
"PRIEST","Reliquary Seeker",1
"ROGUE","Arcane Giant",1
"ROGUE","Sheep",1
"WARRIOR","Abomination",1
"WARRIOR","Crazed Worshipper",1
"PRIEST","Steward",1
"ROGUE","Abomination",1
"DRUID","Questing Adventurer",1
"PRIEST","Jeweled Scarab",1
"ROGUE","Kobold Geomancer",1
"MAGE","Darkspeaker",1
"SHAMAN","Virmen Sensei",1
"SHAMAN","Dreadsteed",1
"HUNTER","Ivory Knight",1
"WARLOCK","Forgotten Torch",1
"WARLOCK","Y'Shaarj, Rage Unbound",1
"WARLOCK","Reliquary Seeker",1
"HUNTER","Novice Engineer",1
"WARLOCK","Sunwalker",1
"WARRIOR","Frost Shock",1
"HUNTER","Tomb Spider",1
"WARLOCK","Nat Pagle",1
"HUNTER","Addled Grizzly",1
"SHAMAN","Dark Arakkoa",1
"WARRIOR","Light's Champion",1
"MAGE","Kabal Songstealer",1
"ROGUE","Lotus Agents",1
"PALADIN","Murloc Raider",1
"HUNTER","Leper Gnome",1
"DRUID","Faceless Destroyer",1
"MAGE","Beckoner of Evil",1
"WARLOCK","Cult Apothecary",1
"WARLOCK","Harrison Jones",1
"PRIEST","Hired Gun",1
"DRUID","Red Mana Wyrm",1
"WARLOCK","SI:7 Agent",1
"PRIEST","Onyx Bishop",1
"DRUID","Carrion Grub",1
"MAGE","Darkscale Healer",1
"PRIEST","Molten Giant",1
"PRIEST","Twin Emperor Vek'nilash",1
"WARLOCK","Ancient Watcher",1
"SHAMAN","Baine Bloodhoof",1
"PRIEST","Abusive Sergeant",1
"ROGUE","Coldlight Oracle",1
"DRUID","SI:7 Agent",1
"SHAMAN","Void Terror",1
"PALADIN","Cairne Bloodhoof",1
"PALADIN","Scarlet Crusader",1
"PRIEST","Gnomish Inventor",1
"PRIEST","Medivh, the Guardian",1
"PRIEST","Mad Bomber",1
"WARRIOR","Don Han'Cho",1
"WARLOCK","Jinyu Waterspeaker",1
"PRIEST","Abyssal Enforcer",1
"MAGE","Felfire Potion",1
"WARLOCK","Hired Gun",1
"ROGUE","Public Defender",1
"DRUID","Kindly Grandmother",1
"SHAMAN","Flamewaker",1
"WARLOCK","Bloodsail Cultist",1
"PRIEST","Onyxia",1
"PRIEST","Mind Shatter",1
"DRUID","Jade Golem",1
"ROGUE","Polluted Hoarder",1
"WARRIOR","Explosive Trap",1
"SHAMAN","Jade Golem",1
"ROGUE","Thing from Below",1
"WARRIOR","Sorcerer's Apprentice",1
"PRIEST","Young Priestess",1
"ROGUE","Bloodsail Corsair",1
"ROGUE","Ethereal Peddler",1
"ROGUE","Lightwarden",1
"DRUID","Archmage",1
"PRIEST","Tiny Knight of Evil",1
"PALADIN","Tauren Warrior",1
"PRIEST","Flamestrike",1
"SHAMAN","Cho'gall",1
"PALADIN","Squirming Tentacle",1
"SHAMAN","Dark Peddler",1
"WARLOCK","Wisp",1
"DRUID","Abusive Sergeant",1
"PRIEST","Psych-o-Tron",1
"PRIEST","Unearthed Raptor",1
"MAGE","Captain Greenskin",1
"WARRIOR","Coldlight Seer",1
"WARLOCK","Alexstrasza",1
"PALADIN","Toxic Sewer Ooze",1
"MAGE","Ethereal Peddler",1
"WARLOCK","Alexstrasza's Champion",1
"MAGE","Tundra Rhino",1
"ROGUE","Arathi Weaponsmith",1
"MAGE","Bluegill Warrior",1
"PRIEST","Nexus-Champion Saraad",1
"WARLOCK","Murloc Scout",1
"WARRIOR","Huge Toad",1
"PRIEST","Tomb Spider",1
"WARRIOR","Selfless Hero",1
"MAGE","Alexstrasza's Champion",1
"DRUID","Webspinner",1
"WARLOCK","Void Terror",1
"WARRIOR","Jeweled Scarab",1
"MAGE","Naga Sea Witch",1
"PRIEST","Dreadsteed",1
"MAGE","Shado-Pan Rider",1
"MAGE","Nexus-Champion Saraad",1
"DRUID","Ooze",1
"WARLOCK","Pit Lord",1
"PALADIN","Steward",1
"DRUID","Goldshire Footman",1
"ROGUE","Lava Shock",1
"PRIEST","Kabal Demon",1
"DRUID","Lance Carrier",1
"PRIEST","Alleycat",1
"PRIEST","War Kodo",1
"MAGE","Grimestreet Informant",1
"ROGUE","Hobart Grapplehammer",1
"ROGUE","Jinyu Waterspeaker",1
"MAGE","Gadgetzan Socialite",1
"PRIEST","Twilight Geomancer",1
"WARLOCK","Holy Smite",1
"WARLOCK","Lightwarden",1
"ROGUE","Twilight Elder",1
"SHAMAN","Sen'jin Shieldmasta",1
"DRUID","Crazed Alchemist",1
"DRUID","Crazed Worshipper",1
"DRUID","Malchezaar's Imp",1
"MAGE","Dreadsteed",1
"PRIEST","Harvest Golem",1
"SHAMAN","Darnassus Aspirant",1
"DRUID","Small-Time Buccaneer",1
"SHAMAN","Friendly Bartender",1
"ROGUE","Sylvanas Windrunner",1
"DRUID","Reno Jackson",1
"MAGE","Cairne Bloodhoof",1
"PRIEST","Buccaneer",1
"MAGE","Hired Gun",1
"PRIEST","Lightwarden",1
"DRUID","Aviana",1
"WARRIOR","Kindly Grandmother",1
"ROGUE","Wolfrider",1
"HUNTER","Silver Hand Recruit",1
"PRIEST","Alexstrasza",1
"WARLOCK","River Crocolisk",1
"WARRIOR","Murloc Tinyfin",1
"SHAMAN","Silent Knight",1
"MAGE","Twilight Elder",1
"SHAMAN","Blackwing Technician",1
"ROGUE","Worgen Infiltrator",1
"WARLOCK","Book Wyrm",1
"SHAMAN","Tomb Spider",1
"WARRIOR","Secretkeeper",1
"WARRIOR","Spellbreaker",1
"SHAMAN","Jade Golem",1
"DRUID","Grand Crusader",1
"DRUID","Hound",1
"ROGUE","Shady Dealer",1
"DRUID","Huge Toad",1
"MAGE","Anubisath Sentinel",1
"SHAMAN","Naga Sea Witch",1
"PRIEST","N'Zoth, the Corruptor",1
"MAGE","Warhorse Trainer",1
"WARLOCK","Pompous Thespian",1
"DRUID","Twin Emperor Vek'nilash",1
"DRUID","Worgen Infiltrator",1
"PRIEST","Dust Devil",1
"HUNTER","Wolfrider",1
"WARLOCK","Silverback Patriarch",1
"DRUID","Grim Patron",1
"WARLOCK","Mukla's Champion",1
"PALADIN","Tentacle of N'Zoth",1
"WARLOCK","Garrison Commander",1
"PALADIN","Jeweled Scarab",1
"ROGUE","Bilefin Tidehunter",1
"SHAMAN","Klaxxi Amber-Weaver",1
"SHAMAN","Frostwolf Warlord",1
"DRUID","Blackwing Corruptor",1
"PALADIN","Argent Commander",1
"ROGUE","Damaged Golem",1
"MAGE","Fierce Monkey",1
"MAGE","Mogu'shan Warden",1
"PRIEST","Soggoth the Slitherer",1
"SHAMAN","Sunwalker",1
"PRIEST","Flame Imp",1
"SHAMAN","Ysera",1
"MAGE","Steward of Darkshire",1
"PALADIN","Northshire Cleric",1
"ROGUE","Jade Golem",1
"ROGUE","Chillmaw",1
"WARLOCK","Onyx Bishop",1
"WARRIOR","Zealous Initiate",1
"DRUID","Void Terror",1
"HUNTER","Mind Control Tech",1
"DRUID","Tunnel Trogg",1
"WARRIOR","Second-Rate Bruiser",1
"MAGE","Murloc Warleader",1
"PRIEST","Moat Lurker",1
"ROGUE","Zealous Initiate",1
"HUNTER","Grimestreet Smuggler",1
"PALADIN","Dire Wolf Alpha",1
"SHAMAN","Grimestreet Informant",1
"MAGE","Shaku, the Collector",1
"SHAMAN","Draenei Totemcarver",1
"PALADIN","Amani Berserker",1
"PALADIN","Guardian of Kings",1
"MAGE","Malchezaar's Imp",1
"WARRIOR","Twilight Drake",1
"MAGE","Harrison Jones",1
"MAGE","Shaky Zipgunner",1
"PALADIN","Stonetusk Boar",1
"ROGUE","Arcanosmith",1
"DRUID","Twilight Darkmender",1
"PALADIN","Refreshment Vendor",1
"MAGE","Earthen Ring Farseer",1
"HUNTER","Avenging Wrath",1
"SHAMAN","Wilfred Fizzlebang",1
"SHAMAN","Lotus Agents",1
"PRIEST","Holy Champion",1
"SHAMAN","""Little Friend""",1
"ROGUE","Red Mana Wyrm",1
"SHAMAN","Shadowfiend",1
"WARLOCK","Ethereal Conjurer",1
"DRUID","Wisp",1
"MAGE","Tomb Pillager",1
"PALADIN","Tuskarr Jouster",1
"SHAMAN","Emperor Thaurissan",1
"DRUID","Keeper of the Grove",1
"DRUID","Grook Fu Master",1
"PRIEST","Sunwalker",1
"DRUID","Menagerie Warden",1
"MAGE","Avian Watcher",1
"ROGUE","Meanstreet Marshal",1
"SHAMAN","Huge Toad",1
"PRIEST","Tirion Fordring",1
"WARRIOR","Amani Berserker",1
"ROGUE","Orgrimmar Aspirant",1
"WARLOCK","Harvest Golem",1
"WARLOCK","Argent Commander",1
"DRUID","Druid of the Claw",1
"DRUID","Nerubian Prophet",1
"WARRIOR","Wrathion",1
"WARLOCK","Darkshire Alchemist",1
"DRUID","Ysera",1
"PRIEST","Shady Dealer",1
"PRIEST","Amani Berserker",1
"MAGE","Thunder Bluff Valiant",1
"WARLOCK","Forbidden Ancient",1
"PALADIN","Beckoner of Evil",1
"PRIEST","Weasel Tunneler",1
"DRUID","Faceless Summoner",1
"WARRIOR","Baine Bloodhoof",1
"PRIEST","Unlicensed Apothecary",1
"SHAMAN","Tournament Medic",1
"WARRIOR","Wolfrider",1
"ROGUE","Shadow Rager",1
"HUNTER","Twilight Drake",1
"ROGUE","Consecration",1
"PRIEST","Lightwell",1
"WARLOCK","Fiery Bat",1
"WARLOCK","Totem Golem",1
"PRIEST","Secretkeeper",1
"SHAMAN","Shadow Sensei",1
"ROGUE","Jade Golem",1
"SHAMAN","Madam Goya",1
"WARRIOR","Menagerie Magician",1
"SHAMAN","Coldlight Seer",1
"PRIEST","Damaged Golem",1
"PRIEST","Deathwing, Dragonlord",1
"PRIEST","Shifter Zerus",1
"WARLOCK","Mad Bomber",1
"ROGUE","Lotus Assassin",1
"WARLOCK","Spawn of N'Zoth",1
"DRUID","Hungry Crab",1
"WARLOCK","Silver Hand Regent",1
"PALADIN","Midnight Drake",1
"WARLOCK","Spirit Wolf",1
"HUNTER","Faerie Dragon",1
"DRUID","Whelp",1
"PRIEST","Young Dragonhawk",1
"PALADIN","Imp Master",1
"DRUID","Stampeding Kodo",1
"MAGE","Onyx Bishop",1
"PRIEST","Justicar Trueheart",1
"MAGE","Leeroy Jenkins",1
"ROGUE","Novice Engineer",1
"SHAMAN","Scarlet Crusader",1
"PRIEST","Argent Squire",1
"MAGE","Bloodsail Raider",1
"HUNTER","Baron Geddon",1
"WARLOCK","Street Trickster",1
"MAGE","Crowd Favorite",1
"WARLOCK","Eater of Secrets",1
"PRIEST","Fiery Bat",1
"DRUID","Arcane Anomaly",1
"SHAMAN","Armorsmith",1
"SHAMAN","Dread Infernal",1
"DRUID","Kabal Lackey",1
"HUNTER","Wildwalker",1
"DRUID","Injured Kvaldir",1
"DRUID","Prince Malchezaar",1
"PRIEST","Sylvanas Windrunner",1
"DRUID","Squire",1
"SHAMAN","Twilight Elder",1
"PALADIN","Zealous Initiate",1
"PRIEST","King Mukla",1
"SHAMAN","Skeram Cultist",1
"MAGE","Faceless Shambler",1
"PALADIN","Baron Geddon",1
"PRIEST","Doomcaller",1
